filename,width,height,resolution
zero_1442.jpg,100,56,5600
zero_1315.jpg,100,56,5600
zero_1314.jpg,100,56,5600
zero_1313.jpg,100,56,5600
zero_1312.jpg,100,56,5600
zero_1311.jpg,100,56,5600
zero_1310.jpg,100,56,5600
zero_1480.jpg,100,56,5600
zero_1309.jpg,100,56,5600
zero_1308.jpg,100,56,5600
zero_1307.jpg,100,56,5600
zero_1306.jpg,100,56,5600
zero_1305.jpg,100,56,5600
zero_1304.jpg,100,56,5600
zero_1316.jpg,100,56,5600
zero_1303.jpg,100,56,5600
zero_1301.jpg,100,56,5600
zero_1300.jpg,100,56,5600
zero_1481.jpg,100,56,5600
zero_1482.jpg,100,56,5600
zero_1299.jpg,100,56,5600
zero_1298.jpg,100,56,5600
zero_1297.jpg,100,56,5600
zero_1296.jpg,100,56,5600
zero_1295.jpg,100,56,5600
zero_1294.jpg,100,56,5600
zero_1293.jpg,100,56,5600
zero_1292.jpg,100,56,5600
zero_1291.jpg,100,56,5600
zero_1302.jpg,100,56,5600
zero_1290.jpg,100,56,5600
zero_1317.jpg,100,56,5600
zero_1319.jpg,100,56,5600
zero_1344.jpg,100,56,5600
zero_1343.jpg,100,56,5600
zero_1342.jpg,100,56,5600
zero_1341.jpg,100,56,5600
zero_1340.jpg,100,56,5600
zero_1477.jpg,100,56,5600
zero_1339.jpg,100,56,5600
zero_1338.jpg,100,56,5600
zero_1337.jpg,100,56,5600
zero_1336.jpg,100,56,5600
zero_1335.jpg,100,56,5600
zero_1334.jpg,100,56,5600
zero_1333.jpg,100,56,5600
zero_1318.jpg,100,56,5600
zero_1332.jpg,100,56,5600
zero_1330.jpg,100,56,5600
zero_1478.jpg,100,56,5600
zero_1329.jpg,100,56,5600
zero_1328.jpg,100,56,5600
zero_1327.jpg,100,56,5600
zero_1326.jpg,100,56,5600
zero_1325.jpg,100,56,5600
zero_1324.jpg,100,56,5600
zero_1323.jpg,100,56,5600
zero_1322.jpg,100,56,5600
zero_1321.jpg,100,56,5600
zero_1320.jpg,100,56,5600
zero_1479.jpg,100,56,5600
zero_1331.jpg,100,56,5600
zero_1483.jpg,100,56,5600
zero_1289.jpg,100,56,5600
zero_1288.jpg,100,56,5600
zero_1257.jpg,100,56,5600
zero_1256.jpg,100,56,5600
zero_1255.jpg,100,56,5600
zero_1254.jpg,100,56,5600
zero_1253.jpg,100,56,5600
zero_1252.jpg,100,56,5600
zero_1251.jpg,100,56,5600
zero_1250.jpg,100,56,5600
zero_1487.jpg,100,56,5600
zero_1249.jpg,100,56,5600
zero_1248.jpg,100,56,5600
zero_1247.jpg,100,56,5600
zero_1246.jpg,100,56,5600
zero_1258.jpg,100,56,5600
zero_1245.jpg,100,56,5600
zero_1243.jpg,100,56,5600
zero_1242.jpg,100,56,5600
zero_1241.jpg,100,56,5600
zero_1240.jpg,100,56,5600
zero_1488.jpg,100,56,5600
zero_1239.jpg,100,56,5600
zero_1238.jpg,100,56,5600
zero_1237.jpg,100,56,5600
zero_1236.jpg,100,56,5600
zero_1235.jpg,100,56,5600
zero_1234.jpg,100,56,5600
zero_1233.jpg,100,56,5600
zero_1232.jpg,100,56,5600
zero_1244.jpg,100,56,5600
zero_1259.jpg,100,56,5600
zero_1486.jpg,100,56,5600
zero_1260.jpg,100,56,5600
zero_1287.jpg,100,56,5600
zero_1286.jpg,100,56,5600
zero_1285.jpg,100,56,5600
zero_1284.jpg,100,56,5600
zero_1283.jpg,100,56,5600
zero_1282.jpg,100,56,5600
zero_1281.jpg,100,56,5600
zero_1280.jpg,100,56,5600
zero_1484.jpg,100,56,5600
zero_1279.jpg,100,56,5600
zero_1278.jpg,100,56,5600
zero_1277.jpg,100,56,5600
zero_1276.jpg,100,56,5600
zero_1275.jpg,100,56,5600
zero_1274.jpg,100,56,5600
zero_1273.jpg,100,56,5600
zero_1272.jpg,100,56,5600
zero_1271.jpg,100,56,5600
zero_1270.jpg,100,56,5600
zero_1485.jpg,100,56,5600
zero_1269.jpg,100,56,5600
zero_1268.jpg,100,56,5600
zero_1267.jpg,100,56,5600
zero_1266.jpg,100,56,5600
zero_1265.jpg,100,56,5600
zero_1264.jpg,100,56,5600
zero_1263.jpg,100,56,5600
zero_1262.jpg,100,56,5600
zero_1261.jpg,100,56,5600
zero_1345.jpg,100,56,5600
zero_1464.jpg,100,56,5600
zero_1346.jpg,100,56,5600
zero_1348.jpg,100,56,5600
zero_1434.jpg,100,56,5600
zero_1433.jpg,100,56,5600
zero_1432.jpg,100,56,5600
zero_1431.jpg,100,56,5600
zero_1430.jpg,100,56,5600
zero_1470.jpg,100,56,5600
zero_1429.jpg,100,56,5600
zero_1428.jpg,100,56,5600
zero_1427.jpg,100,56,5600
zero_1426.jpg,100,56,5600
zero_1425.jpg,100,56,5600
zero_1424.jpg,100,56,5600
zero_1423.jpg,100,56,5600
zero_1435.jpg,100,56,5600
zero_1422.jpg,100,56,5600
zero_1420.jpg,100,56,5600
zero_1419.jpg,100,56,5600
zero_1418.jpg,100,56,5600
zero_1417.jpg,100,56,5600
zero_1416.jpg,100,56,5600
zero_1415.jpg,100,56,5600
zero_1414.jpg,100,56,5600
zero_1413.jpg,100,56,5600
zero_1412.jpg,100,56,5600
zero_1411.jpg,100,56,5600
zero_1410.jpg,100,56,5600
zero_1471.jpg,100,56,5600
zero_1409.jpg,100,56,5600
zero_1421.jpg,100,56,5600
zero_1408.jpg,100,56,5600
zero_1436.jpg,100,56,5600
zero_1438.jpg,100,56,5600
zero_1463.jpg,100,56,5600
zero_1462.jpg,100,56,5600
zero_1461.jpg,100,56,5600
zero_1460.jpg,100,56,5600
zero_1466.jpg,100,56,5600
zero_1459.jpg,100,56,5600
zero_1458.jpg,100,56,5600
zero_1457.jpg,100,56,5600
zero_1456.jpg,100,56,5600
zero_1455.jpg,100,56,5600
zero_1454.jpg,100,56,5600
zero_1453.jpg,100,56,5600
zero_1452.jpg,100,56,5600
zero_1437.jpg,100,56,5600
zero_1451.jpg,100,56,5600
zero_1467.jpg,100,56,5600
zero_1449.jpg,100,56,5600
zero_1448.jpg,100,56,5600
zero_1447.jpg,100,56,5600
zero_1446.jpg,100,56,5600
zero_1445.jpg,100,56,5600
zero_1444.jpg,100,56,5600
zero_1443.jpg,100,56,5600
zero_1468.jpg,100,56,5600
zero_1441.jpg,100,56,5600
zero_1440.jpg,100,56,5600
zero_1469.jpg,100,56,5600
zero_1439.jpg,100,56,5600
zero_1450.jpg,100,56,5600
zero_1407.jpg,100,56,5600
zero_1406.jpg,100,56,5600
zero_1405.jpg,100,56,5600
zero_1374.jpg,100,56,5600
zero_1373.jpg,100,56,5600
zero_1372.jpg,100,56,5600
zero_1371.jpg,100,56,5600
zero_1370.jpg,100,56,5600
zero_1369.jpg,100,56,5600
zero_1368.jpg,100,56,5600
zero_1367.jpg,100,56,5600
zero_1366.jpg,100,56,5600
zero_1365.jpg,100,56,5600
zero_1364.jpg,100,56,5600
zero_1363.jpg,100,56,5600
zero_1362.jpg,100,56,5600
zero_1375.jpg,100,56,5600
zero_1361.jpg,100,56,5600
zero_1475.jpg,100,56,5600
zero_1359.jpg,100,56,5600
zero_1358.jpg,100,56,5600
zero_1357.jpg,100,56,5600
zero_1356.jpg,100,56,5600
zero_1355.jpg,100,56,5600
zero_1354.jpg,100,56,5600
zero_1353.jpg,100,56,5600
zero_1352.jpg,100,56,5600
zero_1351.jpg,100,56,5600
zero_1350.jpg,100,56,5600
zero_1476.jpg,100,56,5600
zero_1349.jpg,100,56,5600
zero_1360.jpg,100,56,5600
zero_1376.jpg,100,56,5600
zero_1377.jpg,100,56,5600
zero_1378.jpg,100,56,5600
zero_1404.jpg,100,56,5600
zero_1403.jpg,100,56,5600
zero_1402.jpg,100,56,5600
zero_1401.jpg,100,56,5600
zero_1400.jpg,100,56,5600
zero_1472.jpg,100,56,5600
zero_1399.jpg,100,56,5600
zero_1398.jpg,100,56,5600
zero_1397.jpg,100,56,5600
zero_1396.jpg,100,56,5600
zero_1395.jpg,100,56,5600
zero_1394.jpg,100,56,5600
zero_1393.jpg,100,56,5600
zero_1392.jpg,100,56,5600
zero_1391.jpg,100,56,5600
zero_1390.jpg,100,56,5600
zero_1473.jpg,100,56,5600
zero_1389.jpg,100,56,5600
zero_1388.jpg,100,56,5600
zero_1387.jpg,100,56,5600
zero_1386.jpg,100,56,5600
zero_1385.jpg,100,56,5600
zero_1384.jpg,100,56,5600
zero_1383.jpg,100,56,5600
zero_1382.jpg,100,56,5600
zero_1381.jpg,100,56,5600
zero_1380.jpg,100,56,5600
zero_1474.jpg,100,56,5600
zero_1379.jpg,100,56,5600
zero_1347.jpg,100,56,5600
zero_1230.jpg,100,56,5600
zero_1231.jpg,100,56,5600
zero_1229.jpg,100,56,5600
zero_1087.jpg,100,56,5600
zero_1086.jpg,100,56,5600
zero_1085.jpg,100,56,5600
zero_1084.jpg,100,56,5600
zero_1083.jpg,100,56,5600
zero_1082.jpg,100,56,5600
zero_1081.jpg,100,56,5600
zero_1080.jpg,100,56,5600
zero_1079.jpg,100,56,5600
zero_1078.jpg,100,56,5600
zero_1077.jpg,100,56,5600
zero_1076.jpg,100,56,5600
zero_1088.jpg,100,56,5600
zero_1075.jpg,100,56,5600
zero_1073.jpg,100,56,5600
zero_1072.jpg,100,56,5600
zero_1071.jpg,100,56,5600
zero_1070.jpg,100,56,5600
zero_1069.jpg,100,56,5600
zero_1068.jpg,100,56,5600
zero_1067.jpg,100,56,5600
zero_1066.jpg,100,56,5600
zero_1065.jpg,100,56,5600
zero_1064.jpg,100,56,5600
zero_1063.jpg,100,56,5600
zero_1062.jpg,100,56,5600
zero_1074.jpg,100,56,5600
zero_1089.jpg,100,56,5600
zero_1090.jpg,100,56,5600
zero_1091.jpg,100,56,5600
zero_1117.jpg,100,56,5600
zero_1116.jpg,100,56,5600
zero_1115.jpg,100,56,5600
zero_1114.jpg,100,56,5600
zero_1113.jpg,100,56,5600
zero_1112.jpg,100,56,5600
zero_1489.jpg,100,56,5600
zero_1110.jpg,100,56,5600
zero_1500.jpg,100,56,5600
zero_1109.jpg,100,56,5600
zero_1108.jpg,100,56,5600
zero_1107.jpg,100,56,5600
zero_1106.jpg,100,56,5600
zero_1105.jpg,100,56,5600
zero_1104.jpg,100,56,5600
zero_1103.jpg,100,56,5600
zero_1102.jpg,100,56,5600
zero_1101.jpg,100,56,5600
zero_1100.jpg,100,56,5600
zero_1099.jpg,100,56,5600
zero_1098.jpg,100,56,5600
zero_1097.jpg,100,56,5600
zero_1096.jpg,100,56,5600
zero_1095.jpg,100,56,5600
zero_1094.jpg,100,56,5600
zero_1093.jpg,100,56,5600
zero_1092.jpg,100,56,5600
zero_1061.jpg,100,56,5600
zero_1118.jpg,100,56,5600
zero_1060.jpg,100,56,5600
zero_1058.jpg,100,56,5600
zero_1026.jpg,100,56,5600
zero_1025.jpg,100,56,5600
zero_1024.jpg,100,56,5600
zero_1023.jpg,100,56,5600
zero_1022.jpg,100,56,5600
zero_1021.jpg,100,56,5600
zero_1020.jpg,100,56,5600
zero_1019.jpg,100,56,5600
zero_1018.jpg,100,56,5600
zero_1017.jpg,100,56,5600
zero_1016.jpg,100,56,5600
zero_1015.jpg,100,56,5600
zero_1027.jpg,100,56,5600
zero_1014.jpg,100,56,5600
zero_1012.jpg,100,56,5600
zero_1011.jpg,100,56,5600
zero_1010.jpg,100,56,5600
zero_1009.jpg,100,56,5600
zero_1008.jpg,100,56,5600
zero_1007.jpg,100,56,5600
zero_1006.jpg,100,56,5600
zero_1005.jpg,100,56,5600
zero_1004.jpg,100,56,5600
zero_1003.jpg,100,56,5600
zero_1002.jpg,100,56,5600
zero_1001.jpg,100,56,5600
zero_1013.jpg,100,56,5600
zero_1028.jpg,100,56,5600
zero_1029.jpg,100,56,5600
zero_1030.jpg,100,56,5600
zero_1057.jpg,100,56,5600
zero_1056.jpg,100,56,5600
zero_1055.jpg,100,56,5600
zero_1054.jpg,100,56,5600
zero_1053.jpg,100,56,5600
zero_1052.jpg,100,56,5600
zero_1051.jpg,100,56,5600
zero_1050.jpg,100,56,5600
zero_1049.jpg,100,56,5600
zero_1048.jpg,100,56,5600
zero_1047.jpg,100,56,5600
zero_1046.jpg,100,56,5600
zero_1045.jpg,100,56,5600
zero_1044.jpg,100,56,5600
zero_1043.jpg,100,56,5600
zero_1042.jpg,100,56,5600
zero_1041.jpg,100,56,5600
zero_1040.jpg,100,56,5600
zero_1039.jpg,100,56,5600
zero_1038.jpg,100,56,5600
zero_1037.jpg,100,56,5600
zero_1036.jpg,100,56,5600
zero_1035.jpg,100,56,5600
zero_1034.jpg,100,56,5600
zero_1033.jpg,100,56,5600
zero_1032.jpg,100,56,5600
zero_1031.jpg,100,56,5600
zero_1059.jpg,100,56,5600
zero_1119.jpg,100,56,5600
zero_1111.jpg,100,56,5600
zero_1120.jpg,100,56,5600
zero_1199.jpg,100,56,5600
zero_1198.jpg,100,56,5600
zero_1197.jpg,100,56,5600
zero_1196.jpg,100,56,5600
zero_1195.jpg,100,56,5600
zero_1194.jpg,100,56,5600
zero_1193.jpg,100,56,5600
zero_1192.jpg,100,56,5600
zero_1191.jpg,100,56,5600
zero_1190.jpg,100,56,5600
zero_1493.jpg,100,56,5600
zero_1189.jpg,100,56,5600
zero_1188.jpg,100,56,5600
zero_1492.jpg,100,56,5600
zero_1187.jpg,100,56,5600
zero_1185.jpg,100,56,5600
zero_1184.jpg,100,56,5600
zero_1183.jpg,100,56,5600
zero_1182.jpg,100,56,5600
zero_1181.jpg,100,56,5600
zero_1180.jpg,100,56,5600
zero_1494.jpg,100,56,5600
zero_1179.jpg,100,56,5600
zero_1178.jpg,100,56,5600
zero_1177.jpg,100,56,5600
zero_1499.jpg,100,56,5600
zero_1175.jpg,100,56,5600
zero_1174.jpg,100,56,5600
zero_1186.jpg,100,56,5600
zero_1173.jpg,100,56,5600
zero_1491.jpg,100,56,5600
zero_1201.jpg,100,56,5600
zero_1228.jpg,100,56,5600
zero_1227.jpg,100,56,5600
zero_1226.jpg,100,56,5600
zero_1225.jpg,100,56,5600
zero_1224.jpg,100,56,5600
zero_1223.jpg,100,56,5600
zero_1222.jpg,100,56,5600
zero_1221.jpg,100,56,5600
zero_1220.jpg,100,56,5600
zero_1219.jpg,100,56,5600
zero_1218.jpg,100,56,5600
zero_1217.jpg,100,56,5600
zero_1216.jpg,100,56,5600
zero_1200.jpg,100,56,5600
zero_1215.jpg,100,56,5600
zero_1213.jpg,100,56,5600
zero_1212.jpg,100,56,5600
zero_1211.jpg,100,56,5600
zero_1210.jpg,100,56,5600
zero_1490.jpg,100,56,5600
zero_1209.jpg,100,56,5600
zero_1208.jpg,100,56,5600
zero_1207.jpg,100,56,5600
zero_1206.jpg,100,56,5600
zero_1205.jpg,100,56,5600
zero_1204.jpg,100,56,5600
zero_1203.jpg,100,56,5600
zero_1202.jpg,100,56,5600
zero_1214.jpg,100,56,5600
zero_1172.jpg,100,56,5600
zero_1176.jpg,100,56,5600
zero_1170.jpg,100,56,5600
zero_1146.jpg,100,56,5600
zero_1171.jpg,100,56,5600
zero_1144.jpg,100,56,5600
zero_1143.jpg,100,56,5600
zero_1142.jpg,100,56,5600
zero_1141.jpg,100,56,5600
zero_1140.jpg,100,56,5600
zero_1497.jpg,100,56,5600
zero_1139.jpg,100,56,5600
zero_1138.jpg,100,56,5600
zero_1137.jpg,100,56,5600
zero_1136.jpg,100,56,5600
zero_1135.jpg,100,56,5600
zero_1147.jpg,100,56,5600
zero_1134.jpg,100,56,5600
zero_1132.jpg,100,56,5600
zero_1131.jpg,100,56,5600
zero_1130.jpg,100,56,5600
zero_1498.jpg,100,56,5600
zero_1129.jpg,100,56,5600
zero_1128.jpg,100,56,5600
zero_1127.jpg,100,56,5600
zero_1126.jpg,100,56,5600
zero_1125.jpg,100,56,5600
zero_1124.jpg,100,56,5600
zero_1123.jpg,100,56,5600
zero_1122.jpg,100,56,5600
zero_1121.jpg,100,56,5600
zero_1133.jpg,100,56,5600
zero_1148.jpg,100,56,5600
zero_1145.jpg,100,56,5600
zero_1465.jpg,100,56,5600
zero_1167.jpg,100,56,5600
zero_1164.jpg,100,56,5600
zero_1163.jpg,100,56,5600
zero_1162.jpg,100,56,5600
zero_1161.jpg,100,56,5600
zero_1160.jpg,100,56,5600
zero_1149.jpg,100,56,5600
zero_1495.jpg,100,56,5600
zero_1159.jpg,100,56,5600
zero_1158.jpg,100,56,5600
zero_1157.jpg,100,56,5600
zero_1166.jpg,100,56,5600
zero_1165.jpg,100,56,5600
zero_1156.jpg,100,56,5600
zero_1155.jpg,100,56,5600
zero_1154.jpg,100,56,5600
zero_1153.jpg,100,56,5600
zero_1152.jpg,100,56,5600
zero_1169.jpg,100,56,5600
zero_1151.jpg,100,56,5600
zero_1150.jpg,100,56,5600
zero_1496.jpg,100,56,5600
zero_1168.jpg,100,56,5600
zero_117.jpg,100,59,5900
zero_33.jpg,100,62,6200
zero_142.jpg,100,63,6300
zero_178.jpg,100,63,6300
zero_22.jpg,100,64,6400
zero_102.jpg,100,64,6400
zero_35.jpg,100,67,6700
zero_4.jpg,100,67,6700
zero_38.jpg,100,68,6800
zero_45.jpg,100,68,6800
zero_180.jpg,100,68,6800
zero_122.jpg,100,69,6900
zero_14.jpg,100,69,6900
zero_29.jpg,100,70,7000
zero_59.jpg,100,70,7000
zero_137.jpg,100,71,7100
zero_60.jpg,100,71,7100
zero_179.jpg,100,72,7200
zero_44.jpg,100,72,7200
zero_1.jpg,100,72,7200
zero_120.jpg,100,72,7200
zero_57.jpg,100,74,7400
zero_93.jpg,100,74,7400
zero_6.jpg,100,74,7400
zero_40.jpg,100,74,7400
zero_97.jpg,100,74,7400
zero_5.jpg,100,74,7400
zero_954.jpg,75,100,7500
zero_681.jpg,75,100,7500
zero_993.jpg,75,100,7500
zero_682.jpg,75,100,7500
zero_683.jpg,75,100,7500
zero_684.jpg,75,100,7500
zero_685.jpg,75,100,7500
zero_686.jpg,75,100,7500
zero_687.jpg,75,100,7500
zero_688.jpg,75,100,7500
zero_689.jpg,75,100,7500
zero_690.jpg,75,100,7500
zero_691.jpg,75,100,7500
zero_692.jpg,75,100,7500
zero_693.jpg,75,100,7500
zero_694.jpg,75,100,7500
zero_695.jpg,75,100,7500
zero_696.jpg,75,100,7500
zero_697.jpg,75,100,7500
zero_698.jpg,75,100,7500
zero_699.jpg,75,100,7500
zero_700.jpg,75,100,7500
zero_680.jpg,75,100,7500
zero_679.jpg,75,100,7500
zero_678.jpg,75,100,7500
zero_677.jpg,75,100,7500
zero_651.jpg,75,100,7500
zero_652.jpg,75,100,7500
zero_653.jpg,75,100,7500
zero_654.jpg,75,100,7500
zero_655.jpg,75,100,7500
zero_656.jpg,75,100,7500
zero_657.jpg,75,100,7500
zero_658.jpg,75,100,7500
zero_659.jpg,75,100,7500
zero_660.jpg,75,100,7500
zero_661.jpg,75,100,7500
zero_662.jpg,75,100,7500
zero_701.jpg,75,100,7500
zero_663.jpg,75,100,7500
zero_665.jpg,75,100,7500
zero_666.jpg,75,100,7500
zero_667.jpg,75,100,7500
zero_668.jpg,75,100,7500
zero_669.jpg,75,100,7500
zero_670.jpg,75,100,7500
zero_671.jpg,75,100,7500
zero_672.jpg,75,100,7500
zero_673.jpg,75,100,7500
zero_674.jpg,75,100,7500
zero_675.jpg,75,100,7500
zero_676.jpg,75,100,7500
zero_664.jpg,75,100,7500
zero_702.jpg,75,100,7500
zero_704.jpg,75,100,7500
zero_703.jpg,75,100,7500
zero_733.jpg,75,100,7500
zero_734.jpg,75,100,7500
zero_991.jpg,75,100,7500
zero_735.jpg,75,100,7500
zero_736.jpg,75,100,7500
zero_737.jpg,75,100,7500
zero_738.jpg,75,100,7500
zero_739.jpg,75,100,7500
zero_740.jpg,75,100,7500
zero_741.jpg,75,100,7500
zero_742.jpg,75,100,7500
zero_743.jpg,75,100,7500
zero_744.jpg,75,100,7500
zero_745.jpg,75,100,7500
zero_746.jpg,75,100,7500
zero_747.jpg,75,100,7500
zero_748.jpg,75,100,7500
zero_749.jpg,75,100,7500
zero_750.jpg,75,100,7500
zero_751.jpg,75,100,7500
zero_752.jpg,75,100,7500
zero_753.jpg,75,100,7500
zero_754.jpg,75,100,7500
zero_755.jpg,75,100,7500
zero_990.jpg,75,100,7500
zero_732.jpg,75,100,7500
zero_992.jpg,75,100,7500
zero_731.jpg,75,100,7500
zero_729.jpg,75,100,7500
zero_650.jpg,75,100,7500
zero_705.jpg,75,100,7500
zero_706.jpg,75,100,7500
zero_707.jpg,75,100,7500
zero_708.jpg,75,100,7500
zero_709.jpg,75,100,7500
zero_710.jpg,75,100,7500
zero_711.jpg,75,100,7500
zero_712.jpg,75,100,7500
zero_713.jpg,75,100,7500
zero_714.jpg,75,100,7500
zero_715.jpg,75,100,7500
zero_716.jpg,75,100,7500
zero_717.jpg,75,100,7500
zero_718.jpg,75,100,7500
zero_719.jpg,75,100,7500
zero_720.jpg,75,100,7500
zero_721.jpg,75,100,7500
zero_722.jpg,75,100,7500
zero_723.jpg,75,100,7500
zero_724.jpg,75,100,7500
zero_725.jpg,75,100,7500
zero_726.jpg,75,100,7500
zero_727.jpg,75,100,7500
zero_728.jpg,75,100,7500
zero_730.jpg,75,100,7500
zero_649.jpg,75,100,7500
zero_645.jpg,75,100,7500
zero_647.jpg,75,100,7500
zero_569.jpg,75,100,7500
zero_570.jpg,75,100,7500
zero_571.jpg,75,100,7500
zero_572.jpg,75,100,7500
zero_573.jpg,75,100,7500
zero_574.jpg,75,100,7500
zero_575.jpg,75,100,7500
zero_576.jpg,75,100,7500
zero_577.jpg,75,100,7500
zero_578.jpg,75,100,7500
zero_579.jpg,75,100,7500
zero_568.jpg,75,100,7500
zero_580.jpg,75,100,7500
zero_582.jpg,75,100,7500
zero_583.jpg,75,100,7500
zero_584.jpg,75,100,7500
zero_585.jpg,75,100,7500
zero_586.jpg,75,100,7500
zero_587.jpg,75,100,7500
zero_588.jpg,75,100,7500
zero_589.jpg,75,100,7500
zero_997.jpg,75,100,7500
zero_590.jpg,75,100,7500
zero_591.jpg,75,100,7500
zero_581.jpg,75,100,7500
zero_567.jpg,75,100,7500
zero_566.jpg,75,100,7500
zero_565.jpg,75,100,7500
zero_540.jpg,75,100,7500
zero_541.jpg,75,100,7500
zero_542.jpg,75,100,7500
zero_543.jpg,75,100,7500
zero_544.jpg,75,100,7500
zero_545.jpg,75,100,7500
zero_546.jpg,75,100,7500
zero_547.jpg,75,100,7500
zero_548.jpg,75,100,7500
zero_549.jpg,75,100,7500
zero_550.jpg,75,100,7500
zero_551.jpg,75,100,7500
zero_552.jpg,75,100,7500
zero_553.jpg,75,100,7500
zero_554.jpg,75,100,7500
zero_555.jpg,75,100,7500
zero_556.jpg,75,100,7500
zero_557.jpg,75,100,7500
zero_558.jpg,75,100,7500
zero_559.jpg,75,100,7500
zero_560.jpg,75,100,7500
zero_561.jpg,75,100,7500
zero_562.jpg,75,100,7500
zero_563.jpg,75,100,7500
zero_564.jpg,75,100,7500
zero_592.jpg,75,100,7500
zero_593.jpg,75,100,7500
zero_594.jpg,75,100,7500
zero_595.jpg,75,100,7500
zero_624.jpg,75,100,7500
zero_625.jpg,75,100,7500
zero_626.jpg,75,100,7500
zero_627.jpg,75,100,7500
zero_628.jpg,75,100,7500
zero_995.jpg,75,100,7500
zero_629.jpg,75,100,7500
zero_630.jpg,75,100,7500
zero_631.jpg,75,100,7500
zero_632.jpg,75,100,7500
zero_633.jpg,75,100,7500
zero_634.jpg,75,100,7500
zero_635.jpg,75,100,7500
zero_636.jpg,75,100,7500
zero_637.jpg,75,100,7500
zero_638.jpg,75,100,7500
zero_994.jpg,75,100,7500
zero_639.jpg,75,100,7500
zero_640.jpg,75,100,7500
zero_641.jpg,75,100,7500
zero_642.jpg,75,100,7500
zero_643.jpg,75,100,7500
zero_644.jpg,75,100,7500
zero_756.jpg,75,100,7500
zero_646.jpg,75,100,7500
zero_623.jpg,75,100,7500
zero_648.jpg,75,100,7500
zero_622.jpg,75,100,7500
zero_620.jpg,75,100,7500
zero_596.jpg,75,100,7500
zero_597.jpg,75,100,7500
zero_598.jpg,75,100,7500
zero_599.jpg,75,100,7500
zero_996.jpg,75,100,7500
zero_600.jpg,75,100,7500
zero_601.jpg,75,100,7500
zero_602.jpg,75,100,7500
zero_603.jpg,75,100,7500
zero_604.jpg,75,100,7500
zero_605.jpg,75,100,7500
zero_606.jpg,75,100,7500
zero_607.jpg,75,100,7500
zero_608.jpg,75,100,7500
zero_609.jpg,75,100,7500
zero_610.jpg,75,100,7500
zero_611.jpg,75,100,7500
zero_612.jpg,75,100,7500
zero_613.jpg,75,100,7500
zero_614.jpg,75,100,7500
zero_615.jpg,75,100,7500
zero_616.jpg,75,100,7500
zero_617.jpg,75,100,7500
zero_618.jpg,75,100,7500
zero_619.jpg,75,100,7500
zero_621.jpg,75,100,7500
zero_757.jpg,75,100,7500
zero_759.jpg,75,100,7500
zero_953.jpg,75,100,7500
zero_904.jpg,75,100,7500
zero_905.jpg,75,100,7500
zero_906.jpg,75,100,7500
zero_907.jpg,75,100,7500
zero_908.jpg,75,100,7500
zero_909.jpg,75,100,7500
zero_910.jpg,75,100,7500
zero_911.jpg,75,100,7500
zero_912.jpg,75,100,7500
zero_913.jpg,75,100,7500
zero_914.jpg,75,100,7500
zero_915.jpg,75,100,7500
zero_916.jpg,75,100,7500
zero_917.jpg,75,100,7500
zero_918.jpg,75,100,7500
zero_987.jpg,75,100,7500
zero_919.jpg,75,100,7500
zero_986.jpg,75,100,7500
zero_985.jpg,75,100,7500
zero_920.jpg,75,100,7500
zero_921.jpg,75,100,7500
zero_922.jpg,75,100,7500
zero_923.jpg,75,100,7500
zero_924.jpg,75,100,7500
zero_925.jpg,75,100,7500
zero_903.jpg,75,100,7500
zero_926.jpg,75,100,7500
zero_902.jpg,75,100,7500
zero_900.jpg,75,100,7500
zero_988.jpg,75,100,7500
zero_876.jpg,75,100,7500
zero_877.jpg,75,100,7500
zero_878.jpg,75,100,7500
zero_879.jpg,75,100,7500
zero_880.jpg,75,100,7500
zero_881.jpg,75,100,7500
zero_882.jpg,75,100,7500
zero_883.jpg,75,100,7500
zero_884.jpg,75,100,7500
zero_885.jpg,75,100,7500
zero_886.jpg,75,100,7500
zero_887.jpg,75,100,7500
zero_888.jpg,75,100,7500
zero_889.jpg,75,100,7500
zero_890.jpg,75,100,7500
zero_891.jpg,75,100,7500
zero_892.jpg,75,100,7500
zero_893.jpg,75,100,7500
zero_894.jpg,75,100,7500
zero_895.jpg,75,100,7500
zero_896.jpg,75,100,7500
zero_897.jpg,75,100,7500
zero_898.jpg,75,100,7500
zero_899.jpg,75,100,7500
zero_901.jpg,75,100,7500
zero_875.jpg,75,100,7500
zero_927.jpg,75,100,7500
zero_929.jpg,75,100,7500
zero_975.jpg,75,100,7500
zero_950.jpg,75,100,7500
zero_974.jpg,75,100,7500
zero_973.jpg,75,100,7500
zero_972.jpg,75,100,7500
zero_971.jpg,75,100,7500
zero_970.jpg,75,100,7500
zero_969.jpg,75,100,7500
zero_968.jpg,75,100,7500
zero_967.jpg,75,100,7500
zero_966.jpg,75,100,7500
zero_951.jpg,75,100,7500
zero_965.jpg,75,100,7500
zero_964.jpg,75,100,7500
zero_963.jpg,75,100,7500
zero_962.jpg,75,100,7500
zero_961.jpg,75,100,7500
zero_960.jpg,75,100,7500
zero_959.jpg,75,100,7500
zero_958.jpg,75,100,7500
zero_957.jpg,75,100,7500
zero_956.jpg,75,100,7500
zero_952.jpg,75,100,7500
zero_955.jpg,75,100,7500
zero_539.jpg,75,100,7500
zero_976.jpg,75,100,7500
zero_928.jpg,75,100,7500
zero_977.jpg,75,100,7500
zero_979.jpg,75,100,7500
zero_930.jpg,75,100,7500
zero_931.jpg,75,100,7500
zero_932.jpg,75,100,7500
zero_933.jpg,75,100,7500
zero_934.jpg,75,100,7500
zero_935.jpg,75,100,7500
zero_936.jpg,75,100,7500
zero_937.jpg,75,100,7500
zero_938.jpg,75,100,7500
zero_939.jpg,75,100,7500
zero_940.jpg,75,100,7500
zero_941.jpg,75,100,7500
zero_942.jpg,75,100,7500
zero_943.jpg,75,100,7500
zero_944.jpg,75,100,7500
zero_945.jpg,75,100,7500
zero_946.jpg,75,100,7500
zero_947.jpg,75,100,7500
zero_984.jpg,75,100,7500
zero_948.jpg,75,100,7500
zero_949.jpg,75,100,7500
zero_983.jpg,75,100,7500
zero_982.jpg,75,100,7500
zero_981.jpg,75,100,7500
zero_980.jpg,75,100,7500
zero_978.jpg,75,100,7500
zero_874.jpg,75,100,7500
zero_873.jpg,75,100,7500
zero_872.jpg,75,100,7500
zero_789.jpg,75,100,7500
zero_790.jpg,75,100,7500
zero_791.jpg,75,100,7500
zero_792.jpg,75,100,7500
zero_793.jpg,75,100,7500
zero_794.jpg,75,100,7500
zero_795.jpg,75,100,7500
zero_796.jpg,75,100,7500
zero_797.jpg,75,100,7500
zero_798.jpg,75,100,7500
zero_799.jpg,75,100,7500
zero_989.jpg,75,100,7500
zero_800.jpg,75,100,7500
zero_801.jpg,75,100,7500
zero_802.jpg,75,100,7500
zero_803.jpg,75,100,7500
zero_804.jpg,75,100,7500
zero_805.jpg,75,100,7500
zero_806.jpg,75,100,7500
zero_807.jpg,75,100,7500
zero_808.jpg,75,100,7500
zero_809.jpg,75,100,7500
zero_810.jpg,75,100,7500
zero_811.jpg,75,100,7500
zero_812.jpg,75,100,7500
zero_788.jpg,75,100,7500
zero_813.jpg,75,100,7500
zero_787.jpg,75,100,7500
zero_785.jpg,75,100,7500
zero_760.jpg,75,100,7500
zero_761.jpg,75,100,7500
zero_762.jpg,75,100,7500
zero_763.jpg,75,100,7500
zero_764.jpg,75,100,7500
zero_765.jpg,75,100,7500
zero_766.jpg,75,100,7500
zero_767.jpg,75,100,7500
zero_768.jpg,75,100,7500
zero_769.jpg,75,100,7500
zero_770.jpg,75,100,7500
zero_771.jpg,75,100,7500
zero_772.jpg,75,100,7500
zero_773.jpg,75,100,7500
zero_774.jpg,75,100,7500
zero_775.jpg,75,100,7500
zero_776.jpg,75,100,7500
zero_777.jpg,75,100,7500
zero_778.jpg,75,100,7500
zero_779.jpg,75,100,7500
zero_780.jpg,75,100,7500
zero_781.jpg,75,100,7500
zero_782.jpg,75,100,7500
zero_783.jpg,75,100,7500
zero_784.jpg,75,100,7500
zero_786.jpg,75,100,7500
zero_814.jpg,75,100,7500
zero_815.jpg,75,100,7500
zero_816.jpg,75,100,7500
zero_847.jpg,75,100,7500
zero_848.jpg,75,100,7500
zero_849.jpg,75,100,7500
zero_850.jpg,75,100,7500
zero_851.jpg,75,100,7500
zero_852.jpg,75,100,7500
zero_853.jpg,75,100,7500
zero_854.jpg,75,100,7500
zero_855.jpg,75,100,7500
zero_856.jpg,75,100,7500
zero_857.jpg,75,100,7500
zero_858.jpg,75,100,7500
zero_859.jpg,75,100,7500
zero_860.jpg,75,100,7500
zero_861.jpg,75,100,7500
zero_862.jpg,75,100,7500
zero_863.jpg,75,100,7500
zero_864.jpg,75,100,7500
zero_865.jpg,75,100,7500
zero_866.jpg,75,100,7500
zero_867.jpg,75,100,7500
zero_868.jpg,75,100,7500
zero_869.jpg,75,100,7500
zero_870.jpg,75,100,7500
zero_871.jpg,75,100,7500
zero_846.jpg,75,100,7500
zero_845.jpg,75,100,7500
zero_844.jpg,75,100,7500
zero_843.jpg,75,100,7500
zero_817.jpg,75,100,7500
zero_818.jpg,75,100,7500
zero_819.jpg,75,100,7500
zero_820.jpg,75,100,7500
zero_821.jpg,75,100,7500
zero_822.jpg,75,100,7500
zero_823.jpg,75,100,7500
zero_824.jpg,75,100,7500
zero_825.jpg,75,100,7500
zero_826.jpg,75,100,7500
zero_827.jpg,75,100,7500
zero_828.jpg,75,100,7500
zero_758.jpg,75,100,7500
zero_829.jpg,75,100,7500
zero_831.jpg,75,100,7500
zero_832.jpg,75,100,7500
zero_833.jpg,75,100,7500
zero_834.jpg,75,100,7500
zero_835.jpg,75,100,7500
zero_836.jpg,75,100,7500
zero_837.jpg,75,100,7500
zero_838.jpg,75,100,7500
zero_839.jpg,75,100,7500
zero_840.jpg,75,100,7500
zero_841.jpg,75,100,7500
zero_842.jpg,75,100,7500
zero_830.jpg,75,100,7500
zero_538.jpg,75,100,7500
zero_999.jpg,75,100,7500
zero_536.jpg,75,100,7500
zero_515.jpg,75,100,7500
zero_514.jpg,75,100,7500
zero_513.jpg,75,100,7500
zero_512.jpg,75,100,7500
zero_511.jpg,75,100,7500
zero_510.jpg,75,100,7500
zero_509.jpg,75,100,7500
zero_508.jpg,75,100,7500
zero_506.jpg,75,100,7500
zero_505.jpg,75,100,7500
zero_504.jpg,75,100,7500
zero_503.jpg,75,100,7500
zero_502.jpg,75,100,7500
zero_501.jpg,75,100,7500
zero_1000.jpg,75,100,7500
zero_998.jpg,75,100,7500
zero_537.jpg,75,100,7500
zero_169.jpg,100,75,7500
zero_119.jpg,100,75,7500
zero_516.jpg,75,100,7500
zero_517.jpg,75,100,7500
zero_507.jpg,75,100,7500
zero_519.jpg,75,100,7500
zero_534.jpg,75,100,7500
zero_533.jpg,75,100,7500
zero_518.jpg,75,100,7500
zero_532.jpg,75,100,7500
zero_530.jpg,75,100,7500
zero_529.jpg,75,100,7500
zero_528.jpg,75,100,7500
zero_527.jpg,75,100,7500
zero_526.jpg,75,100,7500
zero_531.jpg,75,100,7500
zero_520.jpg,75,100,7500
zero_525.jpg,75,100,7500
zero_524.jpg,75,100,7500
zero_523.jpg,75,100,7500
zero_522.jpg,75,100,7500
zero_535.jpg,75,100,7500
zero_521.jpg,75,100,7500
zero_32.jpg,100,76,7600
zero_43.jpg,100,76,7600
zero_3.jpg,100,77,7700
zero_41.jpg,100,77,7700
zero_172.jpg,100,77,7700
zero_56.jpg,100,77,7700
zero_85.jpg,100,77,7700
zero_36.jpg,100,78,7800
zero_170.jpg,100,78,7800
zero_144.jpg,78,100,7800
zero_118.jpg,100,78,7800
zero_62.jpg,100,78,7800
zero_215.jpg,100,78,7800
zero_10.jpg,100,79,7900
zero_96.jpg,100,79,7900
zero_8.jpg,100,79,7900
zero_80.jpg,100,79,7900
zero_37.jpg,100,79,7900
zero_112.jpg,100,80,8000
zero_24.jpg,100,80,8000
zero_23.jpg,100,80,8000
zero_55.jpg,100,80,8000
zero_130.jpg,100,80,8000
zero_26.jpg,100,81,8100
zero_76.jpg,100,81,8100
zero_39.jpg,100,81,8100
zero_200.jpg,100,81,8100
zero_220.jpg,81,100,8100
zero_218.jpg,100,81,8100
zero_42.jpg,100,81,8100
zero_15.jpg,100,81,8100
zero_64.jpg,100,82,8200
zero_151.jpg,100,82,8200
zero_109.jpg,100,82,8200
zero_171.jpg,100,82,8200
zero_31.jpg,100,83,8300
zero_107.jpg,100,83,8300
zero_115.jpg,83,100,8300
zero_83.jpg,100,83,8300
zero_63.jpg,100,83,8300
zero_48.jpg,100,83,8300
zero_108.jpg,100,83,8300
zero_65.jpg,100,84,8400
zero_100.jpg,100,84,8400
zero_167.jpg,84,100,8400
zero_150.jpg,100,84,8400
zero_224.jpg,100,84,8400
zero_66.jpg,100,84,8400
zero_228.jpg,100,84,8400
zero_92.jpg,100,84,8400
zero_225.jpg,100,85,8500
zero_191.jpg,100,85,8500
zero_2.jpg,100,85,8500
zero_28.jpg,100,85,8500
zero_47.jpg,100,85,8500
zero_87.jpg,100,85,8500
zero_7.jpg,100,85,8500
zero_114.jpg,100,85,8500
zero_194.jpg,100,85,8500
zero_214.jpg,100,85,8500
zero_91.jpg,100,85,8500
zero_121.jpg,100,85,8500
zero_89.jpg,100,86,8600
zero_148.jpg,100,86,8600
zero_208.jpg,100,86,8600
zero_203.jpg,100,86,8600
zero_213.jpg,86,100,8600
zero_54.jpg,100,86,8600
zero_34.jpg,100,86,8600
zero_67.jpg,100,86,8600
zero_75.jpg,86,100,8600
zero_94.jpg,100,87,8700
zero_201.jpg,100,87,8700
zero_128.jpg,100,87,8700
zero_149.jpg,87,100,8700
zero_222.jpg,87,100,8700
zero_141.jpg,100,87,8700
zero_226.jpg,100,88,8800
zero_138.jpg,100,88,8800
zero_61.jpg,100,88,8800
zero_51.jpg,100,88,8800
zero_176.jpg,88,100,8800
zero_190.jpg,100,89,8900
zero_145.jpg,100,89,8900
zero_88.jpg,100,89,8900
zero_186.jpg,100,89,8900
zero_52.jpg,100,89,8900
zero_30.jpg,100,89,8900
zero_219.jpg,100,89,8900
zero_162.jpg,100,89,8900
zero_105.jpg,100,89,8900
zero_161.jpg,100,89,8900
zero_202.jpg,100,90,9000
zero_74.jpg,100,90,9000
zero_193.jpg,90,100,9000
zero_99.jpg,100,90,9000
zero_187.jpg,100,90,9000
zero_223.jpg,100,90,9000
zero_124.jpg,100,90,9000
zero_153.jpg,100,90,9000
zero_82.jpg,90,100,9000
zero_163.jpg,100,90,9000
zero_143.jpg,90,100,9000
zero_126.jpg,100,90,9000
zero_140.jpg,100,90,9000
zero_164.jpg,100,90,9000
zero_110.jpg,100,91,9100
zero_181.jpg,91,100,9100
zero_27.jpg,100,91,9100
zero_13.jpg,100,91,9100
zero_188.jpg,100,91,9100
zero_46.jpg,100,91,9100
zero_12.jpg,100,91,9100
zero_160.jpg,100,91,9100
zero_98.jpg,91,100,9100
zero_86.jpg,100,92,9200
zero_196.jpg,100,92,9200
zero_58.jpg,100,92,9200
zero_204.jpg,100,92,9200
zero_19.jpg,100,92,9200
zero_18.jpg,100,92,9200
zero_205.jpg,92,100,9200
zero_165.jpg,100,93,9300
zero_17.jpg,100,93,9300
zero_50.jpg,100,93,9300
zero_185.jpg,100,93,9300
zero_79.jpg,100,93,9300
zero_77.jpg,100,93,9300
zero_182.jpg,100,93,9300
zero_125.jpg,100,93,9300
zero_135.jpg,100,93,9300
zero_72.jpg,100,94,9400
zero_81.jpg,100,94,9400
zero_71.jpg,100,94,9400
zero_210.jpg,94,100,9400
zero_177.jpg,100,94,9400
zero_152.jpg,94,100,9400
zero_175.jpg,94,100,9400
zero_11.jpg,100,94,9400
zero_155.jpg,100,94,9400
zero_168.jpg,100,94,9400
zero_156.jpg,100,94,9400
zero_68.jpg,94,100,9400
zero_95.jpg,100,94,9400
zero_25.jpg,100,94,9400
zero_106.jpg,94,100,9400
zero_173.jpg,95,100,9500
zero_49.jpg,100,95,9500
zero_111.jpg,95,100,9500
zero_166.jpg,100,95,9500
zero_134.jpg,95,100,9500
zero_159.jpg,100,95,9500
zero_78.jpg,100,95,9500
zero_211.jpg,95,100,9500
zero_157.jpg,100,95,9500
zero_139.jpg,100,95,9500
zero_123.jpg,100,95,9500
zero_195.jpg,100,96,9600
zero_73.jpg,96,100,9600
zero_216.jpg,100,96,9600
zero_21.jpg,96,100,9600
zero_53.jpg,96,100,9600
zero_199.jpg,100,96,9600
zero_131.jpg,100,96,9600
zero_104.jpg,96,100,9600
zero_146.jpg,96,100,9600
zero_101.jpg,100,96,9600
zero_147.jpg,100,96,9600
zero_227.jpg,100,97,9700
zero_184.jpg,100,97,9700
zero_212.jpg,100,97,9700
zero_129.jpg,100,97,9700
zero_132.jpg,100,97,9700
zero_189.jpg,100,97,9700
zero_198.jpg,100,97,9700
zero_69.jpg,97,100,9700
zero_70.jpg,100,97,9700
zero_217.jpg,98,100,9800
zero_127.jpg,100,98,9800
zero_16.jpg,100,98,9800
zero_183.jpg,100,98,9800
zero_192.jpg,98,100,9800
zero_207.jpg,98,100,9800
zero_136.jpg,99,100,9900
zero_154.jpg,100,99,9900
zero_197.jpg,100,99,9900
zero_9.jpg,100,99,9900
zero_84.jpg,100,99,9900
zero_158.jpg,100,99,9900
zero_209.jpg,99,100,9900
zero_113.jpg,100,99,9900
zero_103.jpg,99,100,9900
zero_206.jpg,100,99,9900
zero_133.jpg,100,99,9900
zero_265.jpg,100,100,10000
zero_267.jpg,100,100,10000
zero_268.jpg,100,100,10000
zero_269.jpg,100,100,10000
zero_231.jpg,100,100,10000
zero_264.jpg,100,100,10000
zero_270.jpg,100,100,10000
zero_271.jpg,100,100,10000
zero_266.jpg,100,100,10000
zero_237.jpg,100,100,10000
zero_230.jpg,100,100,10000
zero_263.jpg,100,100,10000
zero_273.jpg,100,100,10000
zero_274.jpg,100,100,10000
zero_275.jpg,100,100,10000
zero_276.jpg,100,100,10000
zero_277.jpg,100,100,10000
zero_278.jpg,100,100,10000
zero_279.jpg,100,100,10000
zero_229.jpg,100,100,10000
zero_116.jpg,100,100,10000
zero_280.jpg,100,100,10000
zero_281.jpg,100,100,10000
zero_282.jpg,100,100,10000
zero_272.jpg,100,100,10000
zero_262.jpg,100,100,10000
zero_260.jpg,100,100,10000
zero_261.jpg,100,100,10000
zero_238.jpg,100,100,10000
zero_239.jpg,100,100,10000
zero_235.jpg,100,100,10000
zero_240.jpg,100,100,10000
zero_241.jpg,100,100,10000
zero_20.jpg,100,100,10000
zero_242.jpg,100,100,10000
zero_243.jpg,100,100,10000
zero_244.jpg,100,100,10000
zero_245.jpg,100,100,10000
zero_246.jpg,100,100,10000
zero_247.jpg,100,100,10000
zero_248.jpg,100,100,10000
zero_249.jpg,100,100,10000
zero_90.jpg,100,100,10000
zero_250.jpg,100,100,10000
zero_251.jpg,100,100,10000
zero_236.jpg,100,100,10000
zero_232.jpg,100,100,10000
zero_283.jpg,100,100,10000
zero_259.jpg,100,100,10000
zero_233.jpg,100,100,10000
zero_258.jpg,100,100,10000
zero_174.jpg,100,100,10000
zero_221.jpg,100,100,10000
zero_256.jpg,100,100,10000
zero_255.jpg,100,100,10000
zero_254.jpg,100,100,10000
zero_253.jpg,100,100,10000
zero_234.jpg,100,100,10000
zero_252.jpg,100,100,10000
zero_257.jpg,100,100,10000
zero_284.jpg,100,100,10000
zero_318.jpg,100,100,10000
zero_286.jpg,100,100,10000
zero_424.jpg,100,100,10000
zero_425.jpg,100,100,10000
zero_426.jpg,100,100,10000
zero_427.jpg,100,100,10000
zero_428.jpg,100,100,10000
zero_429.jpg,100,100,10000
zero_430.jpg,100,100,10000
zero_431.jpg,100,100,10000
zero_432.jpg,100,100,10000
zero_433.jpg,100,100,10000
zero_434.jpg,100,100,10000
zero_435.jpg,100,100,10000
zero_436.jpg,100,100,10000
zero_437.jpg,100,100,10000
zero_438.jpg,100,100,10000
zero_439.jpg,100,100,10000
zero_440.jpg,100,100,10000
zero_441.jpg,100,100,10000
zero_442.jpg,100,100,10000
zero_443.jpg,100,100,10000
zero_444.jpg,100,100,10000
zero_445.jpg,100,100,10000
zero_446.jpg,100,100,10000
zero_423.jpg,100,100,10000
zero_447.jpg,100,100,10000
zero_422.jpg,100,100,10000
zero_420.jpg,100,100,10000
zero_397.jpg,100,100,10000
zero_398.jpg,100,100,10000
zero_399.jpg,100,100,10000
zero_400.jpg,100,100,10000
zero_401.jpg,100,100,10000
zero_402.jpg,100,100,10000
zero_403.jpg,100,100,10000
zero_404.jpg,100,100,10000
zero_405.jpg,100,100,10000
zero_406.jpg,100,100,10000
zero_407.jpg,100,100,10000
zero_408.jpg,100,100,10000
zero_409.jpg,100,100,10000
zero_410.jpg,100,100,10000
zero_411.jpg,100,100,10000
zero_412.jpg,100,100,10000
zero_413.jpg,100,100,10000
zero_414.jpg,100,100,10000
zero_415.jpg,100,100,10000
zero_416.jpg,100,100,10000
zero_417.jpg,100,100,10000
zero_418.jpg,100,100,10000
zero_419.jpg,100,100,10000
zero_421.jpg,100,100,10000
zero_396.jpg,100,100,10000
zero_448.jpg,100,100,10000
zero_450.jpg,100,100,10000
zero_478.jpg,100,100,10000
zero_479.jpg,100,100,10000
zero_480.jpg,100,100,10000
zero_481.jpg,100,100,10000
zero_482.jpg,100,100,10000
zero_483.jpg,100,100,10000
zero_484.jpg,100,100,10000
zero_485.jpg,100,100,10000
zero_486.jpg,100,100,10000
zero_487.jpg,100,100,10000
zero_488.jpg,100,100,10000
zero_489.jpg,100,100,10000
zero_490.jpg,100,100,10000
zero_491.jpg,100,100,10000
zero_492.jpg,100,100,10000
zero_493.jpg,100,100,10000
zero_494.jpg,100,100,10000
zero_495.jpg,100,100,10000
zero_496.jpg,100,100,10000
zero_497.jpg,100,100,10000
zero_498.jpg,100,100,10000
zero_499.jpg,100,100,10000
zero_500.jpg,100,100,10000
zero_477.jpg,100,100,10000
zero_449.jpg,100,100,10000
zero_476.jpg,100,100,10000
zero_474.jpg,100,100,10000
zero_451.jpg,100,100,10000
zero_452.jpg,100,100,10000
zero_453.jpg,100,100,10000
zero_454.jpg,100,100,10000
zero_455.jpg,100,100,10000
zero_456.jpg,100,100,10000
zero_457.jpg,100,100,10000
zero_458.jpg,100,100,10000
zero_459.jpg,100,100,10000
zero_460.jpg,100,100,10000
zero_461.jpg,100,100,10000
zero_462.jpg,100,100,10000
zero_463.jpg,100,100,10000
zero_464.jpg,100,100,10000
zero_465.jpg,100,100,10000
zero_466.jpg,100,100,10000
zero_467.jpg,100,100,10000
zero_468.jpg,100,100,10000
zero_469.jpg,100,100,10000
zero_470.jpg,100,100,10000
zero_471.jpg,100,100,10000
zero_472.jpg,100,100,10000
zero_473.jpg,100,100,10000
zero_475.jpg,100,100,10000
zero_285.jpg,100,100,10000
zero_395.jpg,100,100,10000
zero_393.jpg,100,100,10000
zero_314.jpg,100,100,10000
zero_315.jpg,100,100,10000
zero_316.jpg,100,100,10000
zero_317.jpg,100,100,10000
zero_319.jpg,100,100,10000
zero_320.jpg,100,100,10000
zero_321.jpg,100,100,10000
zero_323.jpg,100,100,10000
zero_324.jpg,100,100,10000
zero_325.jpg,100,100,10000
zero_326.jpg,100,100,10000
zero_327.jpg,100,100,10000
zero_328.jpg,100,100,10000
zero_329.jpg,100,100,10000
zero_330.jpg,100,100,10000
zero_331.jpg,100,100,10000
zero_332.jpg,100,100,10000
zero_333.jpg,100,100,10000
zero_334.jpg,100,100,10000
zero_335.jpg,100,100,10000
zero_336.jpg,100,100,10000
zero_337.jpg,100,100,10000
zero_338.jpg,100,100,10000
zero_313.jpg,100,100,10000
zero_339.jpg,100,100,10000
zero_312.jpg,100,100,10000
zero_310.jpg,100,100,10000
zero_287.jpg,100,100,10000
zero_288.jpg,100,100,10000
zero_289.jpg,100,100,10000
zero_290.jpg,100,100,10000
zero_291.jpg,100,100,10000
zero_292.jpg,100,100,10000
zero_293.jpg,100,100,10000
zero_294.jpg,100,100,10000
zero_295.jpg,100,100,10000
zero_296.jpg,100,100,10000
zero_297.jpg,100,100,10000
zero_298.jpg,100,100,10000
zero_299.jpg,100,100,10000
zero_300.jpg,100,100,10000
zero_301.jpg,100,100,10000
zero_302.jpg,100,100,10000
zero_303.jpg,100,100,10000
zero_304.jpg,100,100,10000
zero_305.jpg,100,100,10000
zero_306.jpg,100,100,10000
zero_307.jpg,100,100,10000
zero_308.jpg,100,100,10000
zero_309.jpg,100,100,10000
zero_311.jpg,100,100,10000
zero_394.jpg,100,100,10000
zero_340.jpg,100,100,10000
zero_342.jpg,100,100,10000
zero_370.jpg,100,100,10000
zero_371.jpg,100,100,10000
zero_372.jpg,100,100,10000
zero_373.jpg,100,100,10000
zero_374.jpg,100,100,10000
zero_375.jpg,100,100,10000
zero_376.jpg,100,100,10000
zero_377.jpg,100,100,10000
zero_378.jpg,100,100,10000
zero_379.jpg,100,100,10000
zero_380.jpg,100,100,10000
zero_381.jpg,100,100,10000
zero_382.jpg,100,100,10000
zero_383.jpg,100,100,10000
zero_384.jpg,100,100,10000
zero_385.jpg,100,100,10000
zero_386.jpg,100,100,10000
zero_387.jpg,100,100,10000
zero_388.jpg,100,100,10000
zero_389.jpg,100,100,10000
zero_390.jpg,100,100,10000
zero_391.jpg,100,100,10000
zero_392.jpg,100,100,10000
zero_369.jpg,100,100,10000
zero_341.jpg,100,100,10000
zero_368.jpg,100,100,10000
zero_366.jpg,100,100,10000
zero_343.jpg,100,100,10000
zero_344.jpg,100,100,10000
zero_345.jpg,100,100,10000
zero_346.jpg,100,100,10000
zero_347.jpg,100,100,10000
zero_348.jpg,100,100,10000
zero_349.jpg,100,100,10000
zero_350.jpg,100,100,10000
zero_351.jpg,100,100,10000
zero_352.jpg,100,100,10000
zero_353.jpg,100,100,10000
zero_354.jpg,100,100,10000
zero_355.jpg,100,100,10000
zero_356.jpg,100,100,10000
zero_357.jpg,100,100,10000
zero_358.jpg,100,100,10000
zero_359.jpg,100,100,10000
zero_360.jpg,100,100,10000
zero_361.jpg,100,100,10000
zero_362.jpg,100,100,10000
zero_363.jpg,100,100,10000
zero_364.jpg,100,100,10000
zero_365.jpg,100,100,10000
zero_367.jpg,100,100,10000
zero_322.jpg,100,100,10000
